Index,Article,Swedish Word,English Meaning,Part of Speech,Swedish Sentence,
1,,och,and,conjunction,Jag vill ha kaffe och te.,I want coffee and tea.
1s,,å,and [spoken],conjunction,Jag vill ha kaffe å te.,I want coffee and tea.
2,att,vara,to be,verb,Jag vill vara hemma idag.,I want to be home today.
2s,att,va,to be [spoken],verb,Jag vill va hemma idag.,I want to be home today.
3,,i,in,preposition,Hon bor i Sverige.,She lives in Sweden.
4,att,ha,to have,verb,Jag vill ha en kopp kaffe.,I want a cup of coffee.
5,,dess,its,pronoun,Företaget och dess anställda.,The company and its employees.
6,,det,it; that,pronoun,Det är sant.,It is true.
6s,,de,it; that [spoken; t silent],pronoun,De är sant.,It is true.
7,,en,"a, an",determiner,Jag har en hund.,I have a dog.
8,,som,"who, which, that",pronoun,Mannen som bor här är snäll.,The man who lives here is nice.
9,,på,on,preposition,Boken ligger på bordet.,The book is on the table.
10,,å,"on, at (in fixed phrases)",preposition,Å andra sidan har du rätt.,"On the other hand, you are right."
11,,av,of; off; by,preposition,Det är en bok av en svensk författare.,It is a book by a Swedish author.
12,,för,for,preposition,Den här gåvan är för dig.,This gift is for you.
13,,att,to (infinitive marker); that,subjunction,Det är roligt att resa.,It is fun to travel.
13s,,å,to (infinitive marker); that [spoken; as infinitive marker],subjunction,Det är roligt å resa.,It is fun to travel.
14,att,kunna,"to be able to, can",verb,Jag vill kunna tala svenska.,I want to be able to speak Swedish.
15,,skola,"shall, will (pres. ska)",auxiliary verb,Vi ska resa imorgon.,We will travel tomorrow.
15s,,ska,"shall, will (pres. ska) [spoken/short form]",auxiliary verb,Vi ska resa imorgon.,We will travel tomorrow.
16,,jag,I,pronoun,Jag heter Anna.,My name is Anna.
16s,,ja,I [spoken; g silent],pronoun,Ja heter Anna.,My name is Anna.
17,,inte,"not (formal: icke, ej)",adverb,Jag förstår inte.,I don't understand.
18,,med,with,preposition,Kom med mig.,Come with me.
18s,,me,with [spoken; d silent],preposition,Kom me mej.,Come with me.
19,,till,to,preposition,Vi går till skolan.,We are going to school.
20,,liten,"small, little",adjective,Det är en liten stad.,It is a small town.
21,,den,the; that,determiner,Den bilen är röd.,That car is red.
22,,ett,"a, an",determiner,Jag ser ett hus.,I see a house.
23,,analog,analog,adjective,Jag har en analog klocka.,I have an analog watch.
24,att,unna,"to grant, not begrudge",verb,Jag unnar dig en semester.,I gladly grant you a vacation.
25,,om,about; around,preposition,Vi pratar om vädret.,We are talking about the weather.
26,,vi,we,pronoun,Vi bor i Göteborg.,We live in Gothenburg.
27,,men,but,conjunction,"Jag är trött, men glad.",I am tired but happy.
28,,man,"one, you",pronoun,Man får inte röka här.,One is not allowed to smoke here.
29,,de,the,determiner,De andra kommer snart.,The others are coming soon.
29s,,dom,the [spoken],determiner,Dom andra kommer snart.,The others are coming soon.
30,att,få,"to get, receive; may",verb,"Får jag en kaffe, tack?","May I have a coffee, please?"
31,,så,so; then,adverb,Jag är så trött.,I am so tired.
32,,som,"as, like",conjunction,Han sjunger som en fågel.,He sings like a bird.
33,,sig,himself/herself/itself/themselves,pronoun,Hon tvättar sig.,She washes herself.
33s,,sej,himself/herself/itself/themselves [spoken],pronoun,Hon tvättar sej.,She washes herself.
34,,han,he,pronoun,Han är min bror.,He is my brother.
35,,de,they,pronoun,De bor i Stockholm.,They live in Stockholm.
35s,,dom,they [spoken],pronoun,Dom bor i Stockholm.,They live in Stockholm.
36,att,bli,to become,verb,Jag vill bli läkare.,I want to become a doctor.
37,att,komma,to come,verb,Kan du komma hit?,Can you come here?
38,,det,the; that,determiner,Det huset är gammalt.,That house is old.
38s,,de,the; that [spoken; t silent],determiner,De huset är gammalt.,That house is old.
39,,sin,his/her/its own,pronoun,Han älskar sin hund.,He loves his own dog.
40,,eller,or,conjunction,Vill du ha te eller kaffe?,Do you want tea or coffee?
41,,från,from,preposition,Jag kommer från Finland.,I come from Finland.
42,,mycket,very; much,adverb,Tack så mycket.,Thank you very much.
42s,,mycke,very; much [spoken; t silent],adverb,Tack så mycke.,Thank you very much.
43,att,vilja,to want,verb,Jag vill lära mig svenska.,I want to learn Swedish.
44,,all,all,pronoun,All mat är slut.,All the food is gone.
45,att,göra,"to do, make",verb,Vad ska vi göra idag?,What shall we do today?
46,,om,"if, whether",subjunction,Jag vet inte om han kommer.,I don't know if he is coming.
47,,annan,"other, another",pronoun,Har du en annan färg?,Do you have another color?
48,,du,you,pronoun,Du är min vän.,You are my friend.
49,,någon,"someone, some, any",pronoun,Är det någon hemma?,Is anyone home?
49s,,nån,"someone, some, any [spoken]",pronoun,Är de nån hemma?,Is anyone home?
50,att,finna,to find,verb,Jag kan inte finna nyckeln.,I cannot find the key.
51,att,ta,to take (also: taga),verb,Ta en stol.,Take a chair.
52,,när,when,adverb,När kommer du hem?,When are you coming home?
53,att,se,to see,verb,Jag kan se havet.,I can see the sea.
54,,måste,"must, have to",auxiliary verb,Jag måste gå nu.,I have to go now.
55,,detta,this,pronoun,Detta är viktigt.,This is important.
56,,stor,"big, large",adjective,De har ett stort hus.,They have a big house.
57,,nu,now,adverb,Vi måste åka nu.,We have to leave now.
58,att,gå,"to go, walk",verb,Vi kan gå till parken.,We can walk to the park.
59,att,säga,to say,verb,Vad vill du säga?,What do you want to say?
59s,att,säja,to say [spoken; g->j],verb,Va vill du säja?,What do you want to say?
60,,den,"it, that",pronoun,Var är boken? Den ligger där.,Where is the book? It is over there.
61,,vad,what,pronoun,Vad heter du?,What is your name?
61s,,va,what [spoken],pronoun,Va heter du?,What is your name?
62,ett,år,year,noun,Jag har bott här i tre år.,I have lived here for three years.
63,att,äga,to own,verb,De äger ett hus på landet.,They own a house in the countryside.
64,,under,under; during,preposition,Katten sover under bordet.,The cat sleeps under the table.
65,att,betyda,to mean,verb,Vad betyder det här ordet?,What does this word mean?
66,,också,"also, too",adverb,Jag vill också komma.,I want to come too.
66s,,oxå,"also, too [spoken]",adverb,Jag vill oxå komma.,I want to come too.
67,,där,there,adverb,Där är min bil.,There is my car.
68,,då,then; at that time,adverb,Vi var unga då.,We were young then.
69,,min,"my, mine",pronoun,Det är min bok.,It is my book.
70,,böra,"ought to, should (pres. bör)",auxiliary verb,Du bör vila lite.,You ought to rest a little.
71,,hur,how,adverb,Hur mår du?,How are you?
72,,mig,me,pronoun,Ge boken till mig.,Give the book to me.
72s,,mej,me [spoken],pronoun,Ge boken till mej.,Give the book to me.
73,,mot,towards; against,preposition,Vi går mot stationen.,We are walking towards the station.
74,,bara,"only, just",adverb,Jag vill bara sova.,I just want to sleep.
75,,vilken,"which, what",pronoun,Vilken färg gillar du?,Which color do you like?
76,,ut,out,adverb,Vi går ut nu.,We are going out now.
77,,ny,new,adjective,Jag har en ny telefon.,I have a new phone.
78,,vid,"at, by",preposition,Vi möts vid stationen.,We will meet by the station.
79,,än,than; yet,conjunction,Hon är längre än jag.,She is taller than me.
80,,bra,good,adjective,Det är en bra idé.,It is a good idea.
81,,ingen,"no one, none, no",pronoun,Ingen vet svaret.,No one knows the answer.
82,,dem,them,pronoun,Jag såg dem igår.,I saw them yesterday.
82s,,dom,them [spoken],pronoun,Jag såg dom igår.,I saw them yesterday.
83,,efter,after,preposition,Vi ses efter jobbet.,See you after work.
84,,upp,up,particle,"Stå upp, tack.","Stand up, please."
85,,hon,she,pronoun,Hon är lärare.,She is a teacher.
86,,lite,"a little, a bit",adverb,Jag talar lite svenska.,I speak a little Swedish.
87,,denna,this,pronoun,Denna bok är intressant.,This book is interesting.
88,,in,in,adverb,Kom in!,Come in!
89,,mycket,"much, a lot of",adjective,Det finns mycket mat.,There is a lot of food.
89s,,mycke,"much, a lot of [spoken; t silent]",adjective,De finns mycke mat.,There is a lot of food.
90,,över,over; above,preposition,Bron går över floden.,The bridge goes over the river.
91,att,ge,to give (formal: giva),verb,Kan du ge mig vatten?,Can you give me water?
92,,vår,"our, ours",pronoun,Det är vår bil.,It is our car.
92s,,våran,"our, ours [spoken]",pronoun,De är våran bil.,It is our car.
93,en,del,part,noun,En del av boken är tråkig.,A part of the book is boring.
94,,här,here,adverb,Jag bor här.,I live here.
95,,även,"also, even",adverb,Även barnen var med.,Even the children were there.
96,att,skriva,to write,verb,Jag vill skriva ett brev.,I want to write a letter.
97,en,tid,time,noun,Jag har ingen tid.,I have no time.
98,,ju,"you know, of course",adverb,Du vet ju svaret.,"You know the answer, of course."
99,,sedan,"then, afterwards; since",adverb,Vi åt och sedan gick vi hem.,We ate and then went home.
99s,,sen,"then, afterwards; since [spoken]",adverb,Vi åt och sen gick vi hem.,We ate and then went home.
100,att,te sig,"to appear, seem",verb,Saken ter sig svår.,The matter seems difficult.
100s,att,te sej,"to appear, seem [spoken; sig->sej]",verb,Saken ter sej svår.,The matter seems difficult.
101,att,riva,to tear down; to grate,verb,De ska riva det gamla huset.,They are going to tear down the old house.
102,att,börja,"to begin, start",verb,Filmen börjar klockan sju.,The movie starts at seven.
103,,hel,"whole, entire",adjective,Jag åt en hel pizza.,I ate a whole pizza.
104,en,dag,day,noun,Ha en bra dag!,Have a good day!
105,,själv,"self, oneself",pronoun,Jag gjorde det själv.,I did it myself.
106,en,människa,"human being, person",noun,Varje människa är unik.,Every person is unique.
107,ett,land,country; land,noun,Sverige är ett vackert land.,Sweden is a beautiful country.
108,,svensk,Swedish,adjective,Han läser en svensk tidning.,He is reading a Swedish newspaper.
109,en,fråga,question,noun,Jag har en fråga.,I have a question.
110,,oss,us,pronoun,Kom och hjälp oss.,Come and help us.
111,att,tro,"to believe, think",verb,Jag tror att det regnar.,I think it is raining.
112,,el,electricity,noun,Elen är dyr just nu.,Electricity is expensive right now.
113,att,tycka,"to think, have an opinion",verb,Vad tycker du om filmen?,What do you think of the movie?
114,en,kommentar,comment,noun,Han skrev en kommentar.,He wrote a comment.
115,att,veta,to know,verb,Jag vill veta sanningen.,I want to know the truth.
116,,idag,today (also: i dag),adverb,Vad ska vi göra idag?,What shall we do today?
117,att,försöka,to try,verb,Jag ska försöka komma.,I will try to come.
118,att,behöva,to need,verb,Jag behöver hjälp.,I need help.
119,,samma,same,pronoun,Vi bor i samma hus.,We live in the same house.
120,,mellan,between,preposition,Affären ligger mellan banken och kaféet.,The shop is between the bank and the café.
121,att,känna,to feel; to know,verb,Jag känner honom väl.,I know him well.
122,att,läsa,to read,verb,Jag tycker om att läsa böcker.,I like to read books.
123,att,ro,to row,verb,Vi ror över sjön.,We row across the lake.
124,,kanske,"maybe, perhaps",adverb,Kanske kommer hon imorgon.,Maybe she will come tomorrow.
125,,lik,"alike, similar",adjective,Sonen är lik sin far.,The son is like his father.
126,att,låta,to let; to sound,verb,Låt mig hjälpa dig.,Let me help you.
127,,olik,"different, unlike",adjective,De två bröderna är väldigt olika.,The two brothers are very different.
128,,sådan,"such, that kind of",pronoun,Jag vill ha en sådan bil.,I want a car like that.
128s,,sån,"such, that kind of [spoken]",pronoun,Jag vill ha en sån bil.,I want a car like that.
129,ett,sätt,"way, manner",noun,På vilket sätt menar du?,In what way do you mean?
130,,hans,his,pronoun,Det är hans cykel.,It is his bicycle.
131,,din,"your, yours",pronoun,Är det din jacka?,Is that your jacket?
132,en,gång,"time, occasion",noun,En gång i veckan tränar jag.,Once a week I exercise.
133,att,stå,to stand,verb,Vi måste stå i kö.,We have to stand in line.
134,,inom,within,preposition,Jag är tillbaka inom en timme.,I will be back within an hour.
135,att,visa,to show,verb,Kan du visa mig vägen?,Can you show me the way?
136,att,använda,to use,verb,Får jag använda din penna?,May I use your pen?
137,att,vända,to turn,verb,Vänd dig om!,Turn around!
138,att,hålla,"to hold, keep",verb,Kan du hålla min väska?,Can you hold my bag?
139,,genom,through,preposition,Vi gick genom parken.,We walked through the park.
140,,helt,"completely, entirely",adverb,Jag är helt säker.,I am completely sure.
141,,fler,more,adjective,Vi behöver fler stolar.,We need more chairs.
142,,utan,without,preposition,Jag dricker kaffe utan socker.,I drink coffee without sugar.
143,,väl,well; surely,adverb,Du kommer väl på festen?,"You are coming to the party, aren't you?"
144,ett,barn,child,noun,De har två barn.,They have two children.
145,,enligt,according to,preposition,Enligt tidningen blir det regn.,"According to the newspaper, it will rain."
146,att,tänka,to think,verb,Jag måste tänka på det.,I have to think about it.
147,,ni,you (pl. pron.),pronoun,Var bor ni?,Where do you live?
148,,viktig,important,adjective,Det är en viktig dag.,It is an important day.
148s,,vikti,important [spoken; g silent],adjective,De är en vikti dag.,It is an important day.
149,en,ring,ring,noun,Hon har en vacker ring.,She has a beautiful ring.
150,,eftersom,"because, since",subjunction,Jag stannar hemma eftersom jag är sjuk.,I am staying home because I am sick.
151,ett,liv,life,noun,Han räddade mitt liv.,He saved my life.
152,,deras,"their, theirs",pronoun,Det är deras hus.,It is their house.
153,en,värld,world,noun,Vi lever i en stor värld.,We live in a big world.
154,,viss,"certain, some",adjective,En viss person ringde.,A certain person called.
155,,dock,"however, yet",adverb,Det är dyrt. Jag köper det dock.,"It is expensive. However, I will buy it."
156,,egen,own,adjective,Jag har ett eget rum.,I have my own room.
157,ett,folk,"people, folk",noun,Det var mycket folk i staden.,There were a lot of people in the city.
158,en,regering,government,noun,Regeringen fattade ett beslut.,The government made a decision.
159,,fram,"forward, forth",particle,Kom fram till tavlan.,Come up to the board.
160,,honom,him,pronoun,Jag ringde honom igår.,I called him yesterday.
161,att,söka,"to search, look for; apply",verb,Jag söker ett jobb.,I am looking for a job.
162,,dig,you,pronoun,Jag älskar dig.,I love you.
162s,,dej,you [spoken],pronoun,Jag älskar dej.,I love you.
163,,utan,but,conjunction,Han är inte lärare utan läkare.,He is not a teacher but a doctor.
164,en,sak,thing,noun,Det är en viktig sak.,It is an important thing.
165,,hög,"high, tall; loud",adjective,Berget är väldigt högt.,The mountain is very high.
166,,länge,for a long time,adverb,Vi väntade länge.,We waited for a long time.
167,en,person,person,noun,Hon är en snäll person.,She is a kind person.
168,att,ligga,to lie,verb,Boken ligger på bordet.,The book is lying on the table.
169,en,son,son,noun,Deras son är fem år.,Their son is five years old.
170,,både,both,conjunction,Jag gillar både te och kaffe.,I like both tea and coffee.
171,,just,"just, exactly",adverb,Det är just det jag menar.,That is exactly what I mean.
172,att,lägga,"to lay, put",verb,Lägg boken på bordet.,Put the book on the table.
173,ett,antal,"number, quantity",noun,Ett stort antal personer kom.,A large number of people came.
174,,redan,already,adverb,Är du redan här?,Are you already here?
175,en,kvinna,woman,noun,Kvinnan vid dörren är min chef.,The woman at the door is my boss.
176,ett,problem,problem,noun,Vi har ett litet problem.,We have a small problem.
177,ett,fall,case; fall,noun,I så fall stannar jag hemma.,In that case I will stay home.
178,en,man,man,noun,Mannen läser en bok.,The man is reading a book.
179,,aldrig,never,adverb,Jag glömmer dig aldrig.,I will never forget you.
179s,,aldri,never [spoken; g silent],adverb,Jag glömmer dej aldri.,I will never forget you.
180,,ofta,often,adverb,Vi äter ofta ute.,We often eat out.
181,,varje,"each, every",determiner,Varje dag är en gåva.,Every day is a gift.
182,en,artikel,article,noun,Jag läste en intressant artikel.,I read an interesting article.
183,att,anse,"to consider, regard",verb,Jag anser att han har rätt.,I consider that he is right.
184,att,öva,to practice,verb,Jag måste öva mer.,I have to practice more.
185,ett,lag,law,noun,Det är emot lagen.,It is against the law.
186,ett,slag,"kind, sort; blow",noun,Vilket slag av musik gillar du?,What kind of music do you like?
187,ett,tal,number; speech,noun,Han höll ett långt tal.,He gave a long speech.
188,,åt,"to, for",preposition,Jag köpte en present åt henne.,I bought a present for her.
189,,nog,probably; enough,adverb,Det blir nog bra.,It will probably be fine.
190,en,bok,book,noun,Jag läser en spännande bok.,I am reading an exciting book.
191,,varför,why,adverb,Varför gråter du?,Why are you crying?
192,att,handla,to shop; to be about,verb,Jag ska handla mat.,I am going to shop for food.
193,,gammal,old,adjective,Mitt hus är väldigt gammalt.,My house is very old.
194,en,bild,"picture, image",noun,Det är en fin bild.,It is a nice picture.
195,en,sida,side; page,noun,Öppna boken på sida tio.,Open the book on page ten.
196,,så,"so (that), and then",subjunction,"Skynda dig, så hinner vi.","Hurry up, so we will make it."
197,att,öka,to increase,verb,Priserna ökar varje år.,Prices increase every year.
198,,därför,"therefore, that's why",adverb,"Det regnade, därför stannade vi hemma.","It rained, that is why we stayed home."
199,,sen,late,adjective,Bussen är sen.,The bus is late.
200,,god,good,adjective,Maten är väldigt god.,The food is very good.
200s,,go,good [spoken; d silent],adjective,Maten är väldit go.,The food is very good.
201,,hos,at,preposition,Jag bor hos min mormor.,I live at my grandmother's.
202,,alltid,always,adverb,Hon är alltid glad.,She is always happy.
202s,,allti,always [spoken; d silent],adverb,Hon är allti glad.,She is always happy.
203,att,skapa,to create,verb,Vi vill skapa något nytt.,We want to create something new.
204,ett,arbete,"work, job",noun,Jag har mycket arbete.,I have a lot of work.
205,att,kapa,to hijack; to cut off,verb,Pirater kapade fartyget.,Pirates hijacked the ship.
206,,samt,"and, as well as",conjunction,"Vi köpte bröd, mjölk samt smör.","We bought bread, milk, as well as butter."
207,en,blogg,blog,noun,Hon skriver en matblogg.,She writes a food blog.
208,,innan,before,subjunction,Borsta tänderna innan du sover.,Brush your teeth before you sleep.
209,,som,"as, at",adverb,Jordgubbarna är som bäst i juli.,Strawberries are at their best in July.
210,,ur,"out of, from",preposition,Hon tog en bok ur väskan.,She took a book out of the bag.
211,att,gälla,"to apply, be valid; concern",verb,Biljetten gäller en månad.,The ticket is valid for one month.
212,att,verka,"to seem; to work, act",verb,Han verkar trött.,He seems tired.
213,att,tala,"to speak, talk",verb,Jag vill lära mig att tala svenska.,I want to learn to speak Swedish.
214,att,bära,to carry; to bear,verb,Kan du bära väskan?,Can you carry the bag?
215,,för,too,adverb,Kaffet är för varmt.,The coffee is too hot.
216,en,väg,"road, way",noun,Vägen är lång.,The road is long.
217,ett,samhälle,society; community,noun,Vi lever i ett modernt samhälle.,We live in a modern society.
218,,alltså,"so, thus, in other words",adverb,"Han kom inte, alltså väntade vi.","He didn't come, so we waited."
218s,,asså,"so, thus, in other words [spoken]",adverb,"Han kom inte, asså väntade vi.","He didn't come, so we waited."
219,en,stat,state,noun,Staten betalar för skolan.,The state pays for the school.
220,en,stad,"city, town",noun,Stockholm är en vacker stad.,Stockholm is a beautiful city.
221,att,höra,to hear,verb,Kan du höra musiken?,Can you hear the music?
222,att,innebära,"to mean, entail",verb,Vad innebär det här för oss?,What does this mean for us?
223,,genom att,by,subjunction,Man lär sig genom att öva.,You learn by practicing.
224,ett,företag,"company, business",noun,Hon startade ett företag.,She started a company.
225,en,möjlighet,"possibility, opportunity",noun,Det är en bra möjlighet.,It is a good opportunity.
226,ett,ord,word,noun,Jag förstår inte detta ord.,I don't understand this word.
227,,politisk,political,adjective,Det är en politisk fråga.,It is a political question.
228,att,välja,to choose,verb,Du får välja en glass.,You may choose an ice cream.
229,,er,you (obj. pl.); your,pronoun,Jag ser er imorgon.,I will see you tomorrow.
230,att,förstå,to understand,verb,Jag förstår inte frågan.,I don't understand the question.
231,ett,inlägg,post; contribution,noun,Hon skrev ett inlägg på bloggen.,She wrote a post on the blog.
232,ett,ägg,egg,noun,Jag äter ett ägg till frukost.,I eat an egg for breakfast.
233,,te,tea,noun,Vill du ha en kopp te?,Would you like a cup of tea?
234,att,spela,to play,verb,Barnen spelar fotboll.,The children are playing football.
235,,så att,so that,subjunction,Tala högt så att alla hör.,Speak loudly so that everyone can hear.
236,,lika,"equally, as",adverb,Hon är lika gammal som jag.,She is as old as me.
237,att,hitta,to find,verb,Jag kan inte hitta mina nycklar.,I can't find my keys.
238,ett,tag,"hold, grip; a while",noun,Vänta ett tag.,Wait a while.
239,att,dra,"to pull, draw",verb,Dra i dörren.,Pull the door.
240,att,leda,to lead,verb,Hon ska leda mötet.,She will lead the meeting.
241,,gärna,"gladly, willingly",adverb,Jag hjälper dig gärna.,I will gladly help you.
242,,ändå,"still, anyway",adverb,"Det regnade, men vi gick ut ändå.","It rained, but we went out anyway."
243,ett,förslag,"suggestion, proposal",noun,Jag har ett förslag.,I have a suggestion.
244,att,lyckas,to succeed,verb,Han lyckades med provet.,He succeeded on the test.
245,,dessutom,"besides, moreover",adverb,Det är dyrt och dessutom fult.,It is expensive and moreover ugly.
246,ett,område,"area, field",noun,Det är ett vackert område.,It is a beautiful area.
247,en,lag,team,noun,Vårt lag vann matchen.,Our team won the game.
248,,svår,"difficult, hard",adjective,Det är en svår fråga.,It is a difficult question.
249,att,lära,to teach; to learn,verb,Hon vill lära sig spanska.,She wants to learn Spanish.
250,att,sätta,"to set, put, place",verb,Sätt dig ner.,Sit down.
251,en,plats,place; seat,noun,Är den här platsen ledig?,Is this seat free?
252,,lång,long; tall,adjective,Det var en lång dag.,It was a long day.
253,att,lämna,to leave; to hand over,verb,Jag måste lämna nu.,I have to leave now.
254,att,bygga,to build,verb,De ska bygga ett nytt hus.,They are going to build a new house.
255,,politik,politics; policy,noun,Han är intresserad av politik.,He is interested in politics.
256,,tidigare,"earlier, previously",adverb,Vi har träffats tidigare.,We have met before.
257,att,kalla,to call,verb,Alla kallar honom Bobo.,Everyone calls him Bobo.
258,en,peng,coin; (pl. pengar) money,noun,Jag behöver mer pengar.,I need more money.
259,,väldigt,very,adverb,Det är väldigt kallt idag.,It is very cold today.
259s,,väldit,very [spoken; g silent],adverb,De är väldit kallt idag.,It is very cold today.
260,att,leva,"to live, be alive",verb,Jag vill leva ett lugnt liv.,I want to live a calm life.
261,att,ställa,"to put, place; to set",verb,Ställ vasen på bordet.,Put the vase on the table.
262,att,följa,to follow,verb,Följ mig!,Follow me!
263,en,vecka,week,noun,Vi ses nästa vecka.,See you next week.
264,,ja,yes,interjection,"Ja, det stämmer.","Yes, that is right."
265,att,ske,"to happen, occur",verb,Vad kommer att ske nu?,What will happen now?
266,ett,parti,(political) party,noun,Vilket parti röstar du på?,Which party do you vote for?
267,att,kräva,"to demand, require",verb,Jobbet kräver tålamod.,The job requires patience.
268,,utveckling,development,noun,Det är en positiv utveckling.,It is a positive development.
269,,faktiskt,"actually, in fact",adverb,Jag gillar det faktiskt.,I actually like it.
270,att,ena,to unite,verb,Målet är att ena landet.,The goal is to unite the country.
271,att,svara,"to answer, reply",verb,Kan du svara på frågan?,Can you answer the question?
272,,ner,down,particle,Sätt dig ner.,Sit down.
273,att,fortsätta,to continue,verb,Vi måste fortsätta arbeta.,We have to continue working.
274,en,skola,school,noun,Mina barn går i skolan.,My children go to school.
275,att,bruka,to usually (do); to cultivate,verb,Jag brukar dricka kaffe på morgonen.,I usually drink coffee in the morning.
276,ett,mål,goal; meal,noun,Vårt mål är att vinna.,Our goal is to win.
277,ett,par,"pair, couple",noun,Jag köpte ett par skor.,I bought a pair of shoes.
278,,sent,late,adverb,Han kom hem sent.,He came home late.
279,,ekonomisk,"economic, financial",adjective,Det är ett ekonomiskt problem.,It is an economic problem.
280,,kl.,o'clock (abbr. of klockan),noun,Vi ses klockan tre.,See you at three o'clock.
281,,dålig,"bad, poor",adjective,Det är en dålig idé.,It is a bad idea.
281s,,dåli,"bad, poor [spoken; g silent]",adjective,De är en dåli idé.,It is a bad idea.
282,ett,namn,name,noun,Vad är ditt namn?,What is your name?
283,,igen,again,adverb,Försök igen!,Try again!
284,,verkligen,"really, truly",adverb,Det var verkligen roligt.,It was really fun.
285,att,mena,to mean,verb,Vad menar du?,What do you mean?
286,,fortfarande,still,adverb,Han sover fortfarande.,He is still sleeping.
287,en,grupp,group,noun,Vi arbetar i en grupp.,We work in a group.
288,ett,beslut,decision,noun,Det var ett svårt beslut.,It was a difficult decision.
289,,även om,"even if, although",subjunction,Jag kommer även om det regnar.,I will come even if it rains.
290,,enda,"only, sole",adjective,Du är min enda vän.,You are my only friend.
291,,bort,away,particle,Gå inte bort.,Don't go away.
292,att,slå,"to hit, strike; to beat",verb,Klockan slår tolv.,The clock strikes twelve.
293,,möjlig,possible,adjective,Det finns en möjlig lösning.,There is a possible solution.
293s,,möjli,possible [spoken; g silent],adjective,De finns en möjli lösning.,There is a possible solution.
294,,många,many,pronoun,Många människor var där.,Many people were there.
295,att,hända,to happen,verb,Vad kan hända?,What can happen?
296,att,ämna,to intend,auxiliary verb,Jag ämnar resa till Spanien.,I intend to travel to Spain.
297,,endast,only,adverb,Det finns endast en plats kvar.,There is only one seat left.
298,en,miljon,million,noun,Staden har en miljon invånare.,The city has a million inhabitants.
299,,vidare,further; on,adverb,Vi går vidare till nästa fråga.,We move on to the next question.
300,,ganska,"quite, fairly",adverb,Det är ganska kallt.,It is quite cold.
301,ett,svar,"answer, reply",noun,Jag väntar på ditt svar.,I am waiting for your answer.
302,,varenda,every single,determiner,Han läste varenda bok i hyllan.,He read every single book on the shelf.
303,,istället,instead (also: i stället),adverb,Ta te istället för kaffe.,Have tea instead of coffee.
304,,först,first; not until,adverb,Först måste vi äta.,First we have to eat.
305,att,arbeta,to work,verb,Jag arbetar på ett kontor.,I work in an office.
306,,heller,either,adverb,Jag vill inte heller gå.,I don't want to go either.
307,,riktigt,really; correctly,adverb,Det är inte riktigt sant.,It is not quite true.
307s,,riktit,really; correctly [spoken; g silent],adverb,De är inte riktit sant.,It is not quite true.
308,en,hand,hand,noun,Han håller en bok i handen.,He is holding a book in his hand.
309,en,uppgift,task; piece of information,noun,Jag har en svår uppgift.,I have a difficult task.
310,att,fungera,"to work, function",verb,Datorn fungerar inte.,The computer doesn't work.
310s,att,funka,"to work, function [spoken]",verb,Datorn funkar inte.,The computer doesn't work.
311,att,beta,to graze,verb,Korna betar på ängen.,The cows graze in the meadow.
312,att,köpa,to buy,verb,Jag vill köpa en present.,I want to buy a present.
313,,nästan,"almost, nearly",adverb,Jag är nästan klar.,I am almost done.
314,,bra,well,adverb,Hon sjunger bra.,She sings well.
315,,bland,among,preposition,Hon stod bland publiken.,She stood among the audience.
316,,december,December,noun,Jul firas i december.,Christmas is celebrated in December.
317,att,sitta,to sit,verb,Får jag sitta här?,May I sit here?
318,,precis,"exactly, precisely",adverb,Det är precis vad jag menar.,That is exactly what I mean.
319,,hennes,"her, hers",pronoun,Det är hennes bok.,It is her book.
320,att,åta sig,"to take on, undertake",verb,Han åtog sig uppgiften.,He took on the task.
321,,bland annat,among other things (abbr. bl.a.),adverb,Vi besökte bland annat museet.,"We visited, among other things, the museum."
322,ett,krig,war,noun,Landet är i krig.,The country is at war.
323,,till exempel,for example (abbr. t.ex.),adverb,"Jag gillar frukt, till exempel äpplen.","I like fruit, for example apples."
324,,tillsammans,together,adverb,Vi arbetar tillsammans.,We work together.
325,,henne,her (object),pronoun,Jag såg henne igår.,I saw her yesterday.
326,,intressant,interesting,adjective,Det var en intressant film.,It was an interesting movie.
327,ett,val,choice; election,noun,Det är ett svårt val.,It is a difficult choice.
328,en,kyrka,church,noun,Kyrkan ligger i centrum.,The church is in the center.
329,,egentligen,"actually, really",adverb,Vad menar du egentligen?,What do you actually mean?
330,,inför,"before, ahead of",preposition,Hon är nervös inför provet.,She is nervous before the exam.
331,en,historia,story; history,noun,Berätta en historia.,Tell a story.
332,ett,jobb,"job, work",noun,Jag har ett nytt jobb.,I have a new job.
333,att,berätta,"to tell, narrate",verb,Berätta vad som hände.,Tell me what happened.
334,,vanlig,"common, ordinary, usual",adjective,Det är en helt vanlig dag.,It is a completely ordinary day.
334s,,vanli,"common, ordinary, usual [g silent]",adjective,Det är en helt vanli dag.,It is a completely ordinary day.
335,att,rätta,to correct,verb,Läraren rättar proven.,The teacher corrects the tests.
336,,januari,January,noun,Det är kallt i januari.,It is cold in January.
337,en,information,information,noun,Jag behöver mer information.,I need more information.
338,,flest,most (in number),adjective,Vilket lag har flest poäng?,Which team has the most points?
339,,ung,young,adjective,Hon är fortfarande ung.,She is still young.
340,,en,one,pronoun,En av dem är min vän.,One of them is my friend.
341,,tillbaka,back,particle,Kom snart tillbaka.,Come back soon.
341s,,tillbaks,back [vardagligt],particle,Kom snart tillbaks.,Come back soon.
342,en,film,"film, movie",noun,Vi såg en bra film.,We saw a good movie.
343,,ibland,sometimes (also: i bland),adverb,Ibland regnar det.,Sometimes it rains.
344,,medan,while,subjunction,Jag lagar mat medan du städar.,I cook while you clean.
344s,,medans,while [vardagligt],subjunction,Jag lagar mat medans du städar.,I cook while you clean.
345,ett,slut,end,noun,Filmen var bra i slutet.,The movie was good at the end.
346,en,massa,"mass, a lot",noun,Det var en massa folk där.,There were a lot of people there.
347,en,tanke,thought,noun,Det var en bra tanke.,It was a good thought.
348,en,akt,act (of a play); document,noun,Pjäsen har tre akter.,The play has three acts.
349,en,procent,percent,noun,Priset steg tio procent.,The price rose ten percent.
350,en,månad,month,noun,Jag reser nästa månad.,I am traveling next month.
351,,sista,"last, final",adjective,Det här är sista chansen.,This is the last chance.
352,en,ätt,"lineage, dynasty",noun,Han kommer från en gammal ätt.,He comes from an old lineage.
353,att,sluta,"to stop, finish, quit",verb,Sluta prata!,Stop talking!
354,en,verksamhet,"activity, operations, business",noun,Företagets verksamhet växer.,The company's operations are growing.
355,en,rätt,right; (food) dish,noun,Det är min fulla rätt.,It is fully my right.
356,,samtidigt,"at the same time, simultaneously",adverb,Vi kom fram samtidigt.,We arrived at the same time.
356s,,samtidit,"at the same time, simultaneously [g silent]",adverb,Vi kom fram samtidit.,We arrived at the same time.
357,,emot,against,preposition,Jag är emot förslaget.,I am against the proposal.
358,ett,stöd,support,noun,Tack för ditt stöd.,Thank you for your support.
359,en,familj,family,noun,Min familj är stor.,My family is big.
360,,vem,who,pronoun,Vem är du?,Who are you?
361,att,åka,"to go, travel (by vehicle)",verb,Vi ska åka till Spanien.,We are going to travel to Spain.
362,att,betala,to pay,verb,Kan jag betala med kort?,Can I pay by card?
363,en,kommun,municipality,noun,Kommunen bygger en ny skola.,The municipality is building a new school.
364,ett,resultat,result,noun,Vad blev resultatet?,What was the result?
365,att,utveckla,to develop,verb,Vi vill utveckla produkten.,We want to develop the product.
366,att,föra,"to carry, lead, conduct",verb,Han för en dagbok.,He keeps a diary.
367,att,hjälpa,to help,verb,Kan du hjälpa mig?,Can you help me?
368,,nästa,next,adjective,Vi ses nästa vecka.,See you next week.
369,,nära,"near, close",adverb,Affären ligger nära.,The shop is nearby.
370,,nej,no,interjection,"Nej, tack.","No, thank you."
371,en,text,text,noun,Läs texten noga.,Read the text carefully.
372,ett,exempel,example,noun,Ge mig ett exempel.,Give me an example.
373,,särskilt,"especially, particularly",adverb,Det är särskilt viktigt.,It is especially important.
374,en,debatt,debate,noun,Det blev en het debatt.,It became a heated debate.
375,,när det gäller,"regarding, when it comes to",preposition,När det gäller pengar är han försiktig.,"When it comes to money, he is careful."
376,,på grund av,because of (abbr. p.g.a.),adverb,Tåget är sent på grund av snön.,The train is late because of the snow.
377,en,situation,situation,noun,Det är en svår situation.,It is a difficult situation.
378,,europeisk,European,adjective,Det är en europeisk tradition.,It is a European tradition.
379,en,form,"form, shape",noun,Kakan har en rund form.,The cake has a round shape.
380,en,orm,snake,noun,Det finns en orm i trädgården.,There is a snake in the garden.
381,ett,råd,advice; council,noun,Kan du ge mig ett råd?,Can you give me a piece of advice?
382,,november,November,noun,Det blir mörkt i november.,It gets dark in November.
383,en,makt,power,noun,Regeringen har makten.,The government holds the power.
384,,social,social,adjective,Hon är en social person.,She is a social person.
385,att,vinna,to win,verb,Vi vill vinna matchen.,We want to win the game.
386,,kvar,"left, remaining",particle,Det finns lite mat kvar.,There is a little food left.
387,ett,system,system,noun,Det är ett nytt system.,It is a new system.
388,att,vänta,to wait,verb,Vänta på mig!,Wait for me!
389,,tidig,early,adjective,Det var en tidig morgon.,It was an early morning.
389s,,tidi,early [g silent],adjective,Det var en tidi morgon.,It was an early morning.
390,en,åtgärd,"measure, action",noun,Regeringen vidtar åtgärder.,The government is taking measures.
391,ett,krav,"demand, requirement",noun,Det är ett rimligt krav.,It is a reasonable demand.
392,en,skillnad,difference,noun,Det är en stor skillnad.,It is a big difference.
393,en,riksdag,parliament (the Riksdag),noun,Riksdagen röstar imorgon.,The parliament votes tomorrow.
394,,internationell,international,adjective,Det är ett internationellt företag.,It is an international company.
395,,nationell,national,adjective,Det är en nationell helgdag.,It is a national holiday.
396,att,jobba,to work,verb,Jag jobbar på ett kontor.,I work in an office.
397,att,klara,"to manage, cope, pass",verb,Jag klarade provet.,I passed the test.
398,en,typ,"type, kind",noun,Vilken typ av musik gillar du?,What type of music do you like?
399,,kring,"around, about",preposition,Det finns frågor kring projektet.,There are questions around the project.
400,,båda,both,pronoun,Båda böckerna är bra.,Both books are good.
400s,,bägge,both [vardagligt],pronoun,Bägge böckerna är bra.,Both books are good.
401,,cirka,approximately (abbr. ca),adverb,Det tar cirka en timme.,It takes approximately one hour.
402,en,tur,luck; turn,noun,Vilken tur att du kom!,What luck that you came!
403,en,polis,police; police officer,noun,Polisen kom snabbt.,The police came quickly.
404,ett,medium,medium,noun,Tidningen är ett gammalt medium.,The newspaper is an old medium.
405,,låg,low,adjective,Priset är väldigt lågt.,The price is very low.
406,,varandra,each other,pronoun,De hjälper varandra.,They help each other.
406s,,varann,each other [vardagligt],pronoun,Dom hjälper varann.,They help each other.
407,en,mun,mouth,noun,Öppna munnen.,Open your mouth.
408,ett,ansvar,responsibility,noun,Det är ditt ansvar.,It is your responsibility.
409,en,roll,role,noun,Hon spelar huvudrollen.,She plays the main role.
410,en,regel,rule,noun,Det är en viktig regel.,It is an important rule.
411,,oktober,October,noun,Löven faller i oktober.,The leaves fall in October.
412,att,prata,"to talk, chat",verb,Vi pratar varje dag.,We talk every day.
413,en,organisation,organization,noun,Det är en stor organisation.,It is a large organization.
414,en,medlem,member,noun,Jag är medlem i klubben.,I am a member of the club.
415,att,fråga,to ask,verb,Får jag fråga en sak?,May I ask something?
416,att,anmäla,"to report, register, sign up",verb,Jag vill anmäla mig till kursen.,I want to sign up for the course.
417,att,nå,to reach,verb,Jag kan inte nå hyllan.,I can't reach the shelf.
418,att,bo,"to live, reside",verb,Var bor du?,Where do you live?
419,en,krona,krona (currency); crown,noun,Det kostar tio kronor.,It costs ten kronor.
420,att,stämma,to be correct; to tune,verb,Det stämmer.,That is correct.
421,en,rättighet,right (entitlement),noun,Utbildning är en rättighet.,Education is a right.
422,,sedan,since,preposition,Jag har bott här sedan 2010.,I have lived here since 2010.
422s,,sen,since [vardagligt],preposition,Jag har bott här sen 2010.,I have lived here since 2010.
423,,bakom,behind,preposition,Katten gömmer sig bakom soffan.,The cat is hiding behind the sofa.
424,,efter att,after,subjunction,Vi åt efter att vi kom hem.,We ate after we came home.
425,,därmed,"thereby, thus",adverb,"Han slutade, och därmed var allt över.","He quit, and thus it was all over."
426,,med,"along, too",adverb,Får jag följa med?,May I come along?
426s,,me,"along, too [d silent]",adverb,Får jag följa me?,May I come along?
427,ett,hus,house,noun,De bygger ett nytt hus.,They are building a new house.
428,en,vän,friend,noun,Han är min bästa vän.,He is my best friend.
429,att,dela,"to share, divide",verb,Vi delar en pizza.,We are sharing a pizza.
430,,februari,February,noun,Februari är en kort månad.,February is a short month.
431,,kort,short; card,adjective,Det var ett kort möte.,It was a short meeting.
432,en,grund,"basis, foundation; ground",noun,Det finns ingen grund för oro.,There is no basis for worry.
433,,runt,around,preposition,Vi gick runt sjön.,We walked around the lake.
434,en,framtid,future,noun,Vi planerar för framtiden.,We are planning for the future.
435,att,köra,to drive,verb,Kan du köra bil?,Can you drive a car?
436,en,etikett,label; etiquette,noun,Sätt en etikett på flaskan.,Put a label on the bottle.
437,,fri,free,adjective,Är platsen fri?,Is the seat free?
438,ett,behov,need,noun,Det finns ett stort behov av hjälp.,There is a great need for help.
439,en,timme,hour (also: timma),noun,Vi väntade en timme.,We waited an hour.
440,,september,September,noun,Skolan börjar i september.,School starts in September.
441,att,hoppas,to hope,verb,Jag hoppas att du mår bra.,I hope you are well.
442,,ensam,"alone, lonely",adjective,Hon bor ensam.,She lives alone.
443,,snart,soon,adverb,Vi är snart framme.,We will be there soon.
444,,rätt,"quite, rather; correctly",adverb,Det var rätt svårt.,It was rather difficult.
445,att,förklara,to explain,verb,Kan du förklara det här?,Can you explain this?
446,en,ledning,"leadership, management; lead",noun,Företagets ledning är ny.,The company's management is new.
447,ett,intresse,interest,noun,Hon visar stort intresse.,She shows great interest.
448,att,tvinga,to force,verb,Du kan inte tvinga mig.,You can't force me.
449,att,påverka,"to affect, influence",verb,Vädret påverkar humöret.,The weather affects the mood.
450,en,anledning,reason,noun,Det finns ingen anledning att oroa sig.,There is no reason to worry.
451,att,titta,"to look, watch",verb,Titta på den här bilden.,Look at this picture.
452,att,minska,"to decrease, reduce",verb,Vi måste minska kostnaderna.,We have to reduce the costs.
453,,i alla fall,"in any case, anyway (abbr. iaf)",adverb,Jag kommer i alla fall.,I'll come in any case.
454,,däremot,"on the other hand, however",adverb,Han gillar te. Jag däremot dricker kaffe.,"He likes tea. I, on the other hand, drink coffee."
455,,direkt,"direct, directly",adverb,Gå direkt hem.,Go straight home.
456,en,ekonomi,economy; finances,noun,Landets ekonomi är stark.,The country's economy is strong.
457,att,bestämma,to decide,verb,Du måste bestämma dig.,You have to make up your mind.
458,att,skicka,to send,verb,Kan du skicka mig ett mejl?,Can you send me an email?
459,,trots,despite,preposition,Vi gick ut trots regnet.,We went out despite the rain.
460,en,åsikt,opinion,noun,Alla har rätt till sin åsikt.,Everyone has the right to their opinion.
461,en,diskussion,discussion,noun,Det blev en lång diskussion.,It became a long discussion.
462,en,rad,"row, line",noun,Skriv på första raden.,Write on the first line.
463,ett,faktum,fact,noun,Det är ett faktum.,It is a fact.
464,en,tidning,newspaper,noun,Jag läser tidningen på morgonen.,I read the newspaper in the morning.
465,en,mening,meaning; sentence; opinion,noun,Vad är meningen med det här?,What is the meaning of this?
466,,utanför,outside,preposition,Bilen står utanför huset.,The car is parked outside the house.
467,,rätt,"right, correct",adjective,Du gav rätt svar.,You gave the right answer.
468,,gemensam,"common, shared, joint",adjective,Vi har ett gemensamt mål.,We have a common goal.
469,,klar,"clear; ready, done",adjective,Är du klar?,Are you ready?
470,,juni,June,noun,Skolan slutar i juni.,School ends in June.
471,en,is,ice,noun,Det är is på sjön.,There is ice on the lake.
472,en,bil,car,noun,Jag köpte en ny bil.,I bought a new car.
473,en,myndighet,"authority, agency",noun,Myndigheten fattade ett beslut.,The authority made a decision.
474,ett,nummer,number (abbr. nr),noun,Vad är ditt nummer?,What is your number?
475,,allmän,"general, public",adjective,Det är allmän kunskap.,It is common knowledge.
476,en,musik,music,noun,Jag lyssnar på musik.,I listen to music.
477,att,ändra,"to change, alter",verb,Jag vill ändra min bokning.,I want to change my booking.
478,att,träffa,to meet,verb,Vi träffas imorgon.,We are meeting tomorrow.
479,,ihop,together,particle,Vi sätter ihop bordet.,We put the table together.
480,att,diskutera,to discuss,verb,Vi måste diskutera saken.,We have to discuss the matter.
481,att,driva,"to drive, run, operate",verb,Hon driver ett företag.,She runs a company.
482,att,sälja,to sell,verb,De säljer grönsaker på torget.,They sell vegetables at the market.
483,att,sakna,"to miss, lack",verb,Jag saknar dig.,I miss you.
484,ett,program,program,noun,Vad är på programmet?,What is on the program?
485,,ifrån,from,preposition,Var kommer du ifrån?,Where are you from?
486,att,länka,to link,verb,Han länkade till artikeln.,He linked to the article.
487,en,kunskap,knowledge,noun,Hon har djup kunskap om ämnet.,She has deep knowledge of the subject.
488,,snabbt,"quickly, fast",adverb,Han springer snabbt.,He runs fast.
489,,maj,May,noun,Våren kommer i maj.,Spring comes in May.
490,,amerikansk,American,adjective,Det är en amerikansk film.,It is an American movie.
491,att,tyda,to interpret; to indicate,verb,Allt tyder på regn.,Everything indicates rain.
492,,särskild,"special, particular",adjective,Det krävs särskild kunskap.,Special knowledge is required.
493,en,början,"beginning, start",noun,I början var det svårt.,In the beginning it was difficult.
494,,naturligtvis,"of course, naturally",adverb,Naturligtvis hjälper jag dig.,Of course I'll help you.
495,ett,skäl,reason,noun,Det finns goda skäl.,There are good reasons.
496,,fin,"fine, nice",adjective,Det är en fin dag.,It is a nice day.
497,att,genomföra,"to carry out, implement",verb,Vi ska genomföra planen.,We will carry out the plan.
498,,liksom,"like, sort of",adverb,Det var liksom konstigt.,"It was, like, strange."
499,,via,"via, through",preposition,Vi reste via Köpenhamn.,We traveled via Copenhagen.
500,,före,before,preposition,Kom före klockan tre.,Come before three o'clock.
501,en,dom,"verdict, sentence (court)",noun,Domstolen meddelade domen.,The court announced the verdict.
502,en,risk,risk,noun,Det är en stor risk.,It is a big risk.
503,,enkel,"simple, easy",adjective,Det är en enkel fråga.,It is a simple question.
504,,alls,at all,adverb,Jag är inte trött alls.,I am not tired at all.
505,ett,pris,price; prize,noun,Vad är priset?,What is the price?
506,att,räkna,"to count, calculate",verb,Barnen lär sig räkna.,The children are learning to count.
507,att,beskriva,to describe,verb,Kan du beskriva honom?,Can you describe him?
508,,hem,home,particle,Jag går hem nu.,I am going home now.
509,att,möta,"to meet, face",verb,Vi möter ett starkt lag.,We are facing a strong team.
510,,såsom,"such as, as",subjunction,Frukter såsom äpplen och päron.,Fruits such as apples and pears.
511,en,idé,idea,noun,Det är en bra idé.,It is a good idea.
512,ett,gram,gram,noun,Lägg till hundra gram socker.,Add a hundred grams of sugar.
513,,förra,"previous, last",adjective,Förra veckan var jag sjuk.,Last week I was sick.
514,en,tjänst,"service; position, job",noun,Banken erbjuder en ny tjänst.,The bank offers a new service.
515,att,heta,to be called (named),verb,Vad heter du?,What is your name?
516,en,kultur,culture,noun,Sverige har en rik kultur.,Sweden has a rich culture.
517,att,äta,to eat,verb,Vad vill du äta?,What do you want to eat?
518,ett,syfte,"purpose, aim",noun,Vad är syftet med mötet?,What is the purpose of the meeting?
519,en,princip,principle,noun,Det är en viktig princip.,It is an important principle.
520,att,flytta,to move,verb,Vi ska flytta till en ny lägenhet.,We are moving to a new apartment.
521,,ute,"out, outside",adverb,Barnen leker ute.,The children are playing outside.
522,att,utgöra,"to constitute, make up",verb,Kvinnor utgör hälften av gruppen.,Women make up half of the group.
523,en,politiker,politician,noun,Hon är en känd politiker.,She is a well-known politician.
524,,lätt,easy; light,adjective,Det var ett lätt prov.,It was an easy test.
525,en,förälder,parent,noun,Varje förälder vill det bästa.,Every parent wants the best.
526,en,marknad,market,noun,Vi går till marknaden.,We are going to the market.
527,,nämligen,"namely, you see",adverb,Jag kan inte komma; jag är nämligen sjuk.,"I can't come; you see, I'm sick."
528,,tydlig,"clear, distinct",adjective,Ge en tydlig förklaring.,Give a clear explanation.
528s,,tydli,"clear, distinct [g silent]",adjective,Ge en tydli förklaring.,Give a clear explanation.
529,en,utbildning,"education, training",noun,Hon har en bra utbildning.,She has a good education.
530,att,röra,to touch; to stir; to move,verb,Rör inte tavlan.,Don't touch the painting.
531,en,nivå,level,noun,Vattnet är på en hög nivå.,The water is at a high level.
532,,april,April,noun,Det regnar ofta i april.,It often rains in April.
533,en,mängd,"quantity, amount; crowd",noun,Det krävs en stor mängd vatten.,A large amount of water is needed.
534,en,betydelse,meaning; importance,noun,Ordet har flera betydelser.,The word has several meanings.
535,,kristen,Christian,adjective,Det är en kristen tradition.,It is a Christian tradition.
536,att,dö,to die,verb,Blommorna dör utan vatten.,The flowers die without water.
537,,mars,March,noun,Våren börjar i mars.,Spring begins in March.
538,,allt,everything; increasingly,adverb,Det blir allt kallare.,It is getting increasingly colder.
539,en,kväll,evening,noun,Vi ses i kväll.,See you this evening.
540,en,bildning,"education, learning (cultivation)",noun,Bildning är viktigt.,Education is important.
541,en,länk,link,noun,Klicka på länken.,Click on the link.
542,att,växa,to grow,verb,Barnen växer snabbt.,The children grow quickly.
543,,per,per,preposition,Det kostar tio kronor per styck.,It costs ten kronor per piece.
544,,offentlig,public,adjective,Det är en offentlig plats.,It is a public place.
544s,,offentli,public [g silent],adjective,Det är en offentli plats.,It is a public place.
545,,såväl,as well (as),conjunction,Såväl barn som vuxna är välkomna.,Children as well as adults are welcome.
546,att,våga,to dare,verb,Jag vågar inte hoppa.,I don't dare to jump.
547,ett,vatten,water,noun,Kan jag få ett glas vatten?,Can I have a glass of water?
548,ett,håll,direction; ache,noun,Åt vilket håll ska vi gå?,Which direction should we go?
549,,mänsklig,human,adjective,Det är en mänsklig rättighet.,It is a human right.
549s,,mänskli,human [g silent],adjective,Det är en mänskli rättighet.,It is a human right.
550,en,demokrati,democracy,noun,Vi lever i en demokrati.,We live in a democracy.
551,att,fatta,"to grasp, understand; to make (a decision)",verb,Jag fattar inte.,I don't get it.
552,en,jord,"earth, soil; the Earth",noun,Plantera fröet i jorden.,Plant the seed in the soil.
553,en,känsla,"feeling, emotion",noun,Jag har en bra känsla.,I have a good feeling.
554,en,förändring,change,noun,Det är en stor förändring.,It is a big change.
555,att,nämna,to mention,verb,Han nämnde ditt namn.,He mentioned your name.
556,,tyvärr,unfortunately,adverb,Tyvärr kan jag inte komma.,Unfortunately I can't come.
557,,enskild,"individual, single",adjective,Varje enskild person räknas.,Every single person counts.
558,,rätt,"right, straight",particle,Gå rätt fram.,Go straight ahead.
559,att,be,"to ask, pray (also: bedja)",verb,Får jag be om hjälp?,May I ask for help?
560,en,punkt,point; period (dot),noun,Sätt en punkt i slutet.,Put a period at the end.
561,en,ändring,"change, alteration",noun,Jag gjorde en liten ändring.,I made a small change.
562,en,mission,mission,noun,Deras mission är att hjälpa.,Their mission is to help.
563,,igår,yesterday (also: i går),adverb,Vi träffades igår.,We met yesterday.
564,en,kommission,commission,noun,Kommissionen lade fram ett förslag.,The commission put forward a proposal.
565,en,ort,"place, town, locality",noun,Han bor på en liten ort.,He lives in a small town.
566,att,anta,"to assume; to accept, adopt",verb,Jag antar att du har rätt.,I assume you are right.
567,,trots att,"even though, although",subjunction,Vi gick ut trots att det regnade.,We went out even though it was raining.
568,ett,spel,game; play,noun,Det är ett spännande spel.,It is an exciting game.
569,ett,språk,language,noun,Hon talar tre språk.,She speaks three languages.
570,att,föreslå,"to suggest, propose",verb,Jag föreslår en paus.,I suggest a break.
571,,igenom,through,preposition,Vi gick igenom hela boken.,We went through the whole book.
572,att,undra,to wonder,verb,Jag undrar vad som hände.,I wonder what happened.
573,,eget,own (neuter),adjective,Hon har ett eget rum.,She has her own room.
574,ett,möte,meeting,noun,Vi har ett möte klockan tre.,We have a meeting at three.
575,en,mat,food,noun,Maten är klar.,The food is ready.
576,en,gräns,"border, limit",noun,Vi körde över gränsen.,We drove across the border.
577,att,lyssna,to listen,verb,Lyssna på mig.,Listen to me.
578,att,delta,"to participate, take part",verb,Vill du delta i tävlingen?,Do you want to take part in the competition?
579,ett,samarbete,"cooperation, collaboration",noun,Tack för ett bra samarbete.,Thank you for a good collaboration.
580,,annars,otherwise,adverb,"Skynda dig, annars missar vi bussen.","Hurry up, otherwise we'll miss the bus."
581,att,falla,to fall,verb,Löven faller på hösten.,The leaves fall in autumn.
582,,nära,"near, close",adjective,Han är en nära vän.,He is a close friend.
583,ett,rum,room,noun,Hotellet har stora rum.,The hotel has large rooms.
584,,ungefär,"approximately, about",adverb,Det tar ungefär en timme.,It takes about an hour.
585,att,starta,to start,verb,Vi startar klockan nio.,We start at nine.
586,att,inse,to realize,verb,Jag insåg mitt misstag.,I realized my mistake.
587,,internet,the internet,noun,Jag hittade det på internet.,I found it on the internet.
588,ett,hov,court (royal); hoof,noun,Drottningen bor vid hovet.,The queen lives at the court.
589,,öppen,open,adjective,Affären är öppen idag.,The shop is open today.
590,att,bidra,to contribute,verb,Alla kan bidra med något.,Everyone can contribute something.
591,en,död,death,noun,Hans död var en chock.,His death was a shock.
592,att,luta,to lean,verb,Luta dig inte mot dörren.,Don't lean against the door.
593,ett,öga,eye,noun,Jag fick något i ögat.,I got something in my eye.
594,,säkert,"surely, certainly",adverb,Det blir säkert bra.,It will surely be fine.
595,ett,ämne,"subject, topic; substance",noun,Vilket ämne gillar du i skolan?,Which subject do you like in school?
596,,få,few,adjective,Få personer kom.,Few people came.
597,,augusti,August,noun,Vi reser i augusti.,We are traveling in August.
598,en,socialdemokrat,Social Democrat,noun,Han är socialdemokrat.,He is a Social Democrat.
598s,en,sosse,Social Democrat [vardagligt],noun,Han är sosse.,He is a Social Democrat.
599,ett,projekt,project,noun,Vi arbetar på ett nytt projekt.,We are working on a new project.
600,,övrig,"other, remaining",adjective,Övrig information finns på sidan.,Other information is on the page.
600s,,övri,"other, remaining [g silent]",adjective,Övri information finns på sidan.,Other information is on the page.
601,,dels,partly,conjunction,"Dels är det dyrt, dels är det fult.","Partly it's expensive, partly it's ugly."
602,,framför allt,"above all, especially (also: framförallt)",adverb,"Jag gillar frukt, framför allt bananer.","I like fruit, above all bananas."
603,,positiv,positive,adjective,Hon har en positiv inställning.,She has a positive attitude.
604,,rolig,"fun, funny",adjective,Det var en rolig film.,It was a funny movie.
604s,,roli,"fun, funny [g silent]",adjective,Det var en roli film.,It was a funny movie.
605,en,port,"gate; doorway, entrance",noun,Stadens gamla port är vacker.,The city's old gate is beautiful.
606,att,bero,to depend,verb,Det beror på vädret.,It depends on the weather.
607,en,kropp,body,noun,Träning är bra för kroppen.,Exercise is good for the body.
608,att,minnas,to remember,verb,Jag minns inte hans namn.,I don't remember his name.
609,en,handling,action; plot; document,noun,Det är dags för handling.,It is time for action.
610,att,rösta,to vote,verb,Jag ska rösta i valet.,I am going to vote in the election.
611,,riktig,"real, proper, correct",adjective,Det är en riktig vän.,He is a real friend.
611s,,rikti,"real, proper, correct [g silent]",adjective,Det är en rikti vän.,He is a real friend.
612,en,rapport,report,noun,Hon skrev en lång rapport.,She wrote a long report.
613,en,lösning,solution,noun,Vi hittade en lösning.,We found a solution.
614,,personlig,personal,adjective,Det är en personlig fråga.,It is a personal question.
614s,,personli,personal [g silent],adjective,Det är en personli fråga.,It is a personal question.
615,att,kommentera,to comment,verb,Vill du kommentera inlägget?,Do you want to comment on the post?
616,,som att,as if,subjunction,Det känns som att det blir regn.,It feels as if it will rain.
617,att,gilla,to like,verb,Jag gillar din nya frisyr.,I like your new haircut.
618,att,bryta,to break,verb,Han bröt benet.,He broke his leg.
619,en,hjälp,help,noun,Tack för hjälpen.,Thank you for the help.
620,,juli,July,noun,Vi har semester i juli.,We have vacation in July.
621,att,innehålla,to contain,verb,Boken innehåller många bilder.,The book contains many pictures.
622,,liknande,similar,adjective,Jag har en liknande tröja.,I have a similar sweater.
623,ett,tillfälle,"occasion, opportunity",noun,Det är ett bra tillfälle.,It is a good opportunity.
624,,inte ens,not even,adverb,Han sa inte ens hej.,He didn't even say hi.
625,,känd,"known, famous",adjective,Hon är en känd skådespelare.,She is a famous actress.
626,en,forskning,research,noun,Forskningen tar tid.,Research takes time.
627,en,kraft,"force, power, strength",noun,Vinden har stor kraft.,The wind has great force.
628,,helt enkelt,"simply, quite simply",adverb,Det är helt enkelt för dyrt.,It is simply too expensive.
629,ett,brott,crime; fracture,noun,Polisen utreder ett brott.,The police are investigating a crime.
630,,exempelvis,for example,adverb,"Vi kan, exempelvis, ta tåget.","We can, for example, take the train."
631,en,röst,voice; vote,noun,Hon har en vacker röst.,She has a beautiful voice.
632,att,bjuda,"to invite; to offer, treat",verb,Jag bjuder på kaffe.,I'll treat you to coffee.
633,,till och med,even (abbr. t.o.m.),adverb,Till och med barnen hjälpte till.,Even the children helped.
634,att,hävda,"to claim, assert",verb,Han hävdar att han har rätt.,He claims that he is right.
635,att,hamna,to end up,verb,Vi hamnade i fel buss.,We ended up on the wrong bus.
636,en,effekt,effect,noun,Medicinen har god effekt.,The medicine has a good effect.
637,en,enhet,unit,noun,Varje enhet kostar tio kronor.,Each unit costs ten kronor.
638,,det vill säga,"that is, i.e. (abbr. d.v.s.)",adverb,"På fredag, det vill säga imorgon.","On Friday, that is, tomorrow."
639,en,kontakt,contact,noun,Vi håller kontakten.,We'll keep in touch.
640,en,takt,"pace, rhythm; tact",noun,Vi går i samma takt.,We walk at the same pace.
641,ett,värde,"value, worth",noun,Huset har ett högt värde.,The house has a high value.
642,en,förutsättning,"condition, prerequisite",noun,Tillit är en förutsättning.,Trust is a prerequisite.
643,en,sats,"sentence, clause; batch",noun,Skriv en hel sats.,Write a complete sentence.
644,en,medlemsstat,member state,noun,Sverige är en medlemsstat i EU.,Sweden is a member state of the EU.
645,att,hinna,"to have time (to), make it",verb,Jag hinner inte.,I don't have time.
646,en,sanning,truth,noun,Säg sanningen.,Tell the truth.
647,en,religion,religion,noun,De studerar världens religioner.,They study the world's religions.
648,en,källa,source; spring,noun,Vad är din källa?,What is your source?
649,att,må,to feel (well/ill),verb,Hur mår du?,How are you?
650,en,kostnad,cost,noun,Kostnaden är för hög.,The cost is too high.
651,en,medborgare,citizen,noun,Hon är svensk medborgare.,She is a Swedish citizen.
652,ett,förhållande,relationship; condition,noun,De har ett bra förhållande.,They have a good relationship.
653,en,far,father (also: fader),noun,Min far är pensionär.,My father is a pensioner.
653s,en,farsa,father (also: fader) [vardagligt],noun,Min farsa är pensionär.,My father is a pensioner.
654,en,miljard,billion,noun,Företaget är värt en miljard.,The company is worth a billion.
655,en,ungdom,youth,noun,Han var stark i sin ungdom.,He was strong in his youth.
656,att,släppa,"to let go, release, drop",verb,Släpp min hand.,Let go of my hand.
657,,enbart,"only, solely",adverb,Det är enbart för medlemmar.,It is only for members.
658,ett,drag,"feature, trait; move; draft",noun,Det var ett smart drag.,It was a smart move.
659,en,verklighet,reality,noun,I verkligheten är det svårare.,In reality it is harder.
660,en,författare,"author, writer",noun,Hon är en känd författare.,She is a famous author.
661,en,tillgång,asset; access; supply,noun,Vi har tillgång till internet.,We have access to the internet.
662,,nödvändig,necessary,adjective,Det är en nödvändig åtgärd.,It is a necessary measure.
662s,,nödvändi,necessary [g silent],adjective,Det är en nödvändi åtgärd.,It is a necessary measure.
663,,full,full; drunk,adjective,Glaset är fullt.,The glass is full.
664,en,frihet,freedom,noun,Alla längtar efter frihet.,Everyone longs for freedom.
665,att,passa,"to fit, suit; to look after",verb,Den här tröjan passar dig.,This sweater suits you.
666,,lokal,local,adjective,Vi handlar i den lokala affären.,We shop at the local store.
667,,ytterligare,"further, additional",adverb,Vi behöver ytterligare information.,We need further information.
668,att,öppna,to open,verb,Kan du öppna fönstret?,Can you open the window?
669,att,införa,"to introduce, implement",verb,De vill införa en ny regel.,They want to introduce a new rule.
670,en,ledare,leader,noun,Hon är en stark ledare.,She is a strong leader.
671,en,mamma,"mom, mother",noun,Min mamma lagar god mat.,My mom cooks good food.
672,ett,sammanhang,"context, connection",noun,I det här sammanhanget är det viktigt.,In this context it is important.
673,en,svensk,a Swede (person),noun,Han är svensk.,He is a Swede.
674,,hemma,at home,adverb,Jag är hemma idag.,I am at home today.
675,en,produkt,product,noun,Det är en ny produkt.,It is a new product.
676,,därefter,"after that, then",adverb,"Vi åt, och därefter gick vi hem.","We ate, and then we went home."
677,,efter,after(wards),adverb,Han kom strax efter.,He came shortly after.
678,en,match,"match, game",noun,Matchen börjar klockan sju.,The match starts at seven.
679,en,tro,"belief, faith",noun,Hennes tro är stark.,Her faith is strong.
680,,alldeles,"completely, quite",adverb,Det är alldeles för dyrt.,It is far too expensive.
681,,lätt,easily; lightly,adverb,Han vinner lätt.,He wins easily.
682,,sann,TRUE,adjective,Är historien sann?,Is the story true?
683,en,uppfattning,"perception, opinion, understanding",noun,Jag har en annan uppfattning.,I have a different opinion.
684,en,demokrat,democrat,noun,Han är en övertygad demokrat.,He is a committed democrat.
685,ett,bolag,"company, firm",noun,Det är ett stort bolag.,It is a large company.
686,en,erfarenhet,experience,noun,Hon har lång erfarenhet.,She has long experience.
687,en,kritik,criticism,noun,Förslaget fick mycket kritik.,The proposal received a lot of criticism.
688,en,grad,degree,noun,Det är tjugo grader ute.,It is twenty degrees outside.
689,en,jude,Jew,noun,Han är jude.,He is a Jew.
690,,vacker,beautiful,adjective,Vilken vacker utsikt!,What a beautiful view!
691,att,erbjuda,to offer,verb,De erbjuder en bra lön.,They offer a good salary.
692,en,kamp,"fight, struggle",noun,Det är en kamp för frihet.,It is a struggle for freedom.
693,en,period,period,noun,Det var en svår period.,It was a difficult period.
694,,modern,modern,adjective,Det är ett modernt hus.,It is a modern house.
695,en,spelare,player,noun,Han är en bra spelare.,He is a good player.
696,en,elev,"pupil, student",noun,Klassen har trettio elever.,The class has thirty pupils.
697,en,utredning,"investigation, inquiry",noun,Polisen inledde en utredning.,The police started an investigation.
698,att,ingå,to be included; to enter into,verb,Frukost ingår i priset.,Breakfast is included in the price.
699,en,kung,king,noun,Sverige har en kung.,Sweden has a king.
700,att,bestå,to consist; to last,verb,Gruppen består av fem personer.,The group consists of five people.
701,en,katt,cat,noun,Katten sover på soffan.,The cat is sleeping on the sofa.
702,att,konstatera,"to state, establish, note",verb,Läkaren konstaterade att allt var bra.,The doctor stated that everything was fine.
703,,dit,there (to there),adverb,Hur kommer jag dit?,How do I get there?
704,,klart,clearly; of course,adverb,Klart att jag hjälper dig.,Of course I'll help you.
705,,nuvarande,"current, present",adjective,Den nuvarande regeringen är ny.,The current government is new.
706,att,styra,"to steer, govern, control",verb,Vem styr landet?,Who governs the country?
707,att,förlora,to lose,verb,Vi får inte förlora matchen.,We must not lose the match.
708,,vit,white,adjective,Han har en vit skjorta.,He has a white shirt.
709,en,klocka,"clock, watch; bell",noun,Klockan är tre.,It is three o'clock.
710,att,påstå,"to claim, assert",verb,Han påstår att han var hemma.,He claims he was at home.
711,en,skatt,tax; treasure,noun,Vi betalar skatt varje år.,We pay taxes every year.
712,att,besluta,to decide,verb,Riksdagen beslutade om en ny lag.,The parliament decided on a new law.
713,en,befolkning,population,noun,Stadens befolkning växer.,The city's population is growing.
714,att,avse,to intend; to refer to,verb,Vad avser du med det?,What do you mean by that?
715,en,ro,"calm, peace",noun,Jag behöver lugn och ro.,I need peace and quiet.
716,,privat,private,adjective,Det är en privat fråga.,It is a private matter.
717,ett,steg,step,noun,Ta ett steg framåt.,Take a step forward.
718,en,art,species; kind,noun,Det är en sällsynt art.,It is a rare species.
719,att,stödja,to support,verb,Vi stödjer ditt förslag.,We support your proposal.
720,,ond,evil; painful,adjective,Häxan är ond.,The witch is evil.
721,en,plan,plan; plane (level),noun,Vi har en bra plan.,We have a good plan.
722,en,resa,"trip, journey",noun,Vi planerar en lång resa.,We are planning a long trip.
723,,utom,except,preposition,Alla kom utom Anna.,Everyone came except Anna.
724,en,hund,dog,noun,Hunden skäller.,The dog is barking.
725,en,syn,"sight, vision; view",noun,Hennes syn är dålig.,Her eyesight is poor.
726,att,glömma,to forget,verb,Glöm inte nycklarna.,Don't forget the keys.
727,ett,avtal,"agreement, contract",noun,Vi skrev under ett avtal.,We signed an agreement.
728,en,lek,"game, play",noun,Barnen leker en rolig lek.,The children are playing a fun game.
729,,kul,fun,adjective,Det var kul att se dig.,It was fun to see you.
730,en,natt,night,noun,God natt!,Good night!
731,att,förändra,to change,verb,Vi vill förändra världen.,We want to change the world.
732,att,ange,"to state, indicate, give",verb,Ange ditt namn och adress.,State your name and address.
733,,någonting,something,pronoun,Vill du ha någonting att dricka?,Do you want something to drink?
733s,,nånting,something [spoken],pronoun,Vill du ha nånting att dricka?,Do you want something to drink?
734,,förstås,of course,adverb,Det är förstås sant.,It is of course true.
735,en,individ,individual,noun,Varje individ är viktig.,Every individual is important.
736,att,älska,to love,verb,Jag älskar dig.,I love you.
737,en,motion,exercise; (parliamentary) motion,noun,Daglig motion är bra.,Daily exercise is good.
738,,glad,"happy, glad",adjective,Jag är glad att se dig.,I am glad to see you.
739,,ned,down,particle,Han föll ned från stegen.,He fell down from the ladder.
740,en,dator,computer,noun,Min dator är långsam.,My computer is slow.
741,en,miljö,environment,noun,Vi måste skydda miljön.,We must protect the environment.
742,en,ek,oak,noun,Eken är ett stort träd.,The oak is a big tree.
743,,åtminstone,at least,adverb,Vänta åtminstone en timme.,Wait at least an hour.
744,att,presentera,"to present, introduce",verb,Får jag presentera min vän?,May I introduce my friend?
745,att,stanna,"to stop, stay",verb,Bussen stannar här.,The bus stops here.
746,att,byta,"to change, swap",verb,Jag vill byta tröja.,I want to change my sweater.
747,ett,alternativ,"alternative, option",noun,Finns det ett annat alternativ?,Is there another option?
748,en,minut,minute,noun,Vänta en minut.,Wait a minute.
749,,ingenting,nothing,pronoun,Det hände ingenting.,Nothing happened.
750,att,uppleva,to experience,verb,Vi vill uppleva nya saker.,We want to experience new things.
751,att,samla,"to gather, collect",verb,Hon samlar på frimärken.,She collects stamps.
752,,svart,black,adjective,Han har en svart bil.,He has a black car.
753,en,bakgrund,background,noun,Berätta om din bakgrund.,Tell me about your background.
754,ett,skott,shot,noun,Vi hörde ett skott.,We heard a shot.
755,en,ö,island,noun,De bor på en liten ö.,They live on a small island.
756,en,kärlek,love,noun,Kärlek är viktigt.,Love is important.
757,en,metod,method,noun,Det är en effektiv metod.,It is an effective method.
758,,äldre,"older, elderly",adjective,Min äldre bror bor i Lund.,My older brother lives in Lund.
759,,säker,"sure, safe, certain",adjective,Är du säker?,Are you sure?
760,en,borgare,bourgeois; townsman,noun,Han är en typisk borgare.,He is a typical bourgeois.
761,en,gud,god,noun,De tror på en gud.,They believe in a god.
762,en,insats,"effort, contribution; stake",noun,Det krävs en stor insats.,A great effort is required.
763,,tysk,German,adjective,Det är en tysk bil.,It is a German car.
764,en,kontroll,control; check,noun,Allt är under kontroll.,Everything is under control.
765,att,lösa,to solve,verb,Kan du lösa problemet?,Can you solve the problem?
766,att,kolla,"to check, look",verb,Kolla på det här!,Check this out!
767,att,fylla,to fill; to turn (age),verb,Fyll glaset med vatten.,Fill the glass with water.
768,en,bestämmelse,"provision, regulation",noun,Det finns en ny bestämmelse.,There is a new regulation.
769,ett,ris,rice,noun,Jag äter ris till middag.,I eat rice for dinner.
770,att,drabba,"to hit, affect, strike",verb,Stormen drabbade hela landet.,The storm hit the whole country.
771,ett,nät,net; network,noun,Fiskaren kastar ut nätet.,The fisherman casts the net.
772,en,teknik,technology; technique,noun,Ny teknik förändrar världen.,New technology changes the world.
773,en,resurs,resource,noun,Vatten är en viktig resurs.,Water is an important resource.
774,ett,försök,"attempt, try",noun,Det var ett bra försök.,It was a good attempt.
775,att,fara,"to go, travel; (danger)",verb,Vi far till landet imorgon.,We are going to the countryside tomorrow.
776,att,tjäna,to earn; to serve,verb,Hon tjänar bra med pengar.,She earns good money.
777,ett,argument,argument (point),noun,Han har ett starkt argument.,He has a strong argument.
778,att,behandla,to treat; to deal with,verb,Läkaren behandlar patienten.,The doctor treats the patient.
779,,ren,clean; pure,adjective,Rummet är rent.,The room is clean.
780,en,fru,"wife; Mrs., madam",noun,Hans fru heter Anna.,His wife is named Anna.
781,,sjuk,"sick, ill",adjective,Jag är sjuk idag.,I am sick today.
782,,istället för,instead of (also: i stället för),preposition,Ta vatten istället för läsk.,Have water instead of soda.
783,ett,våld,violence,noun,Vi accepterar inte våld.,We do not accept violence.
784,att,utföra,"to carry out, perform",verb,Han utför sitt arbete väl.,He performs his work well.
785,en,ställning,"position, stance; stand",noun,Vad är din ställning i frågan?,What is your position on the issue?
786,,främst,"primarily, above all",adverb,Det handlar främst om pengar.,It is primarily about money.
787,att,räcka,"to be enough; to reach, pass",verb,Pengarna räcker inte.,The money is not enough.
788,,bättre,better,adverb,Idag mår jag bättre.,Today I feel better.
789,att,fundera,"to ponder, think (about)",verb,Jag måste fundera på saken.,I have to think about the matter.
790,,visst,"surely, certainly; sure",adverb,Visst kan du komma!,"Sure, you can come!"
791,en,sommar,summer,noun,Vi reser i sommar.,We are traveling this summer.
792,en,rörelse,movement; motion,noun,Det är en politisk rörelse.,It is a political movement.
793,en,kund,customer,noun,Kunden har alltid rätt.,The customer is always right.
794,ett,villkor,"condition, term",noun,Läs villkoren noga.,Read the terms carefully.
795,,tillbaka,back,adverb,Hon kom tillbaka sent.,She came back late.
795s,,tillbaks,back [vardagligt],adverb,Hon kom tillbaks sent.,She came back late.
796,,högt,high(ly); loudly,adverb,Tala högt.,Speak loudly.
797,en,president,president,noun,Landet får en ny president.,The country gets a new president.
798,,emellertid,however,adverb,Det regnade. Emellertid gick vi ut.,"It rained. However, we went out."
799,en,händelse,"event, occurrence",noun,Det var en oväntad händelse.,It was an unexpected event.
800,att,uppstå,"to arise, occur",verb,Det kan uppstå problem.,Problems may arise.
801,att,acceptera,to accept,verb,Jag accepterar ditt förslag.,I accept your proposal.
802,ett,huvud,head,noun,Jag har ont i huvudet.,I have a headache.
803,ett,sök,search,noun,Gör ett sök på nätet.,Do a search on the net.
804,,snabb,"fast, quick",adjective,Det är en snabb bil.,It is a fast car.
805,,så kallad,so-called (abbr. s.k.),adverb,Det är en så kallad smart telefon.,It is a so-called smartphone.
806,,framför,in front of,preposition,Bilen står framför huset.,The car is in front of the house.
807,en,ande,spirit,noun,Det är en god ande.,It is a good spirit.
808,att,bilda,"to form, create",verb,De vill bilda ett nytt parti.,They want to form a new party.
809,en,orsak,"cause, reason",noun,Vad är orsaken till branden?,What is the cause of the fire?
810,att,försvinna,to disappear,verb,Mina nycklar försvann.,My keys disappeared.
811,ett,fel,"mistake, error, fault",noun,Det var mitt fel.,It was my fault.
812,ett,innehåll,content(s),noun,Bokens innehåll är intressant.,The book's content is interesting.
813,en,natur,nature,noun,Jag älskar naturen.,I love nature.
814,ett,begrepp,"concept, term",noun,Det är ett svårt begrepp.,It is a difficult concept.
815,,för att,in order to; because,subjunction,Jag sparar för att resa.,I'm saving in order to travel.
816,en,konflikt,conflict,noun,Det blev en konflikt mellan dem.,A conflict arose between them.
817,,tack,thanks,interjection,Tack för hjälpen!,Thanks for the help!
818,ett,djur,animal,noun,Vilket djur gillar du?,Which animal do you like?
819,en,chans,chance,noun,Ge mig en chans.,Give me a chance.
820,,samtidigt som,"at the same time as, while",subjunction,Han läste samtidigt som han åt.,He read while he ate.
821,,demokratisk,democratic,adjective,Det var ett demokratiskt beslut.,It was a democratic decision.
822,,fel,wrong(ly),adverb,Du gjorde fel.,You did it wrong.
823,ett,läge,situation; position,noun,Vad är läget?,What's the situation?
824,att,sprida,to spread,verb,Nyheten spred sig snabbt.,The news spread quickly.
825,en,växt,plant; growth,noun,Det är en grön växt.,It is a green plant.
826,,förutom,"besides, except",preposition,Förutom jobbet studerar hon.,"Besides her job, she studies."
827,,i samband med,in connection with,preposition,Det hände i samband med mötet.,It happened in connection with the meeting.
828,,styck,"piece, each",noun,Äpplena kostar fem kronor styck.,The apples cost five kronor each.
829,ett,utskott,committee,noun,Frågan behandlas i utskottet.,The matter is dealt with in the committee.
830,en,muslim,Muslim,noun,Han är muslim.,He is a Muslim.
831,en,ordning,order,noun,Allt är i ordning.,Everything is in order.
832,ett,uppdrag,"assignment, mission, task",noun,Hon fick ett viktigt uppdrag.,She was given an important assignment.
833,en,mark,"ground, land",noun,Marken är blöt.,The ground is wet.
834,en,säkerhet,"safety, security; certainty",noun,Säkerheten är viktig.,Safety is important.
835,en,linje,line,noun,Stå på den gula linjen.,Stand on the yellow line.
836,en,bank,bank,noun,Jag går till banken.,I'm going to the bank.
837,att,önska,to wish,verb,Jag önskar dig lycka till.,I wish you good luck.
838,,givetvis,"of course, naturally",adverb,Givetvis kommer jag.,Of course I'll come.
839,en,studie,study,noun,Det är en intressant studie.,It is an interesting study.
840,en,fredag,Friday,noun,Vi ses på fredag.,See you on Friday.
841,en,lärare,teacher,noun,Min lärare är snäll.,My teacher is kind.
842,,statlig,"state, governmental",adjective,Det är en statlig myndighet.,It is a state authority.
842s,,statli,"state, governmental [g silent]",adjective,Det är en statli myndighet.,It is a state authority.
843,en,söndag,Sunday,noun,På söndag vilar vi.,On Sunday we rest.
844,,fel,"wrong, incorrect",adjective,Det är fel svar.,It is the wrong answer.
845,,speciellt,especially,adverb,Det är inte speciellt dyrt.,It is not especially expensive.
846,,röd,red,adjective,Hon har en röd klänning.,She has a red dress.
847,en,television,"television (also: teve, tv)",noun,Vi tittar på television.,We are watching television.
848,ett,hot,threat,noun,Det är ett allvarligt hot.,It is a serious threat.
849,ett,verk,"work (of art); plant, mill",noun,Det är ett stort konstverk.,It is a great work of art.
850,att,publicera,to publish,verb,Tidningen publicerade artikeln.,The newspaper published the article.
851,en,stund,"moment, while",noun,Vänta en stund.,Wait a moment.
852,att,tillhöra,to belong to,verb,Boken tillhör mig.,The book belongs to me.
853,att,omfatta,"to comprise, cover, include",verb,Kursen omfattar tio veckor.,The course covers ten weeks.
854,ett,material,material,noun,Vi behöver mer material.,We need more material.
855,en,pelare,"pillar, column",noun,Templet har många pelare.,The temple has many pillars.
856,ett,hjärta,heart,noun,Hennes hjärta slår snabbt.,Her heart is beating fast.
857,,knappast,hardly,adverb,Det kommer knappast att regna.,It will hardly rain.
858,att,befinna,to be located (refl. befinna sig),verb,Vi befinner oss i centrum.,We are located in the center.
859,en,part,party (in a matter),noun,Båda parter är nöjda.,Both parties are satisfied.
860,,trevlig,"nice, pleasant",adjective,Han är en trevlig person.,He is a nice person.
861,en,höst,"autumn, fall",noun,Löven faller på hösten.,The leaves fall in autumn.
862,att,skilja,"to separate, distinguish",verb,Det är svårt att skilja dem åt.,It is hard to tell them apart.
863,,ens,even,adverb,Han svarade inte ens.,He didn't even answer.
864,en,förmåga,ability,noun,Hon har en stor förmåga att lära.,She has a great ability to learn.
865,att,döda,to kill,verb,Man får inte döda.,One must not kill.
866,ett,stånd,"stand, stall; estate (class)",noun,De hade ett stånd på marknaden.,They had a stall at the market.
867,att,peka,to point,verb,Han pekade på kartan.,He pointed at the map.
868,en,bedömning,"assessment, judgment",noun,Det är min bedömning.,That is my assessment.
869,att,ringa,"to call, ring",verb,Jag ringer dig imorgon.,I'll call you tomorrow.
870,att,betrakta,"to regard, consider; to observe",verb,Jag betraktar honom som en vän.,I regard him as a friend.
871,en,by,village,noun,De bor i en liten by.,They live in a small village.
872,,utifrån,"based on, from",preposition,Vi dömer utifrån fakta.,We judge based on facts.
873,en,brist,"lack, shortage",noun,Det är brist på vatten.,There is a shortage of water.
874,att,hänga,to hang,verb,Tavlan hänger på väggen.,The painting hangs on the wall.
875,,tillräckligt,"enough, sufficiently",adverb,Har vi tillräckligt med tid?,Do we have enough time?
875s,,tillräcklit,"enough, sufficiently [g silent]",adverb,Har vi tillräcklit med tid?,Do we have enough time?
876,en,måndag,Monday,noun,På måndag börjar jobbet.,On Monday work begins.
877,,aktuell,"current, relevant, topical",adjective,Det är en aktuell fråga.,It is a topical issue.
878,,någonsin,ever,adverb,Har du någonsin varit i Paris?,Have you ever been to Paris?
878s,,nånsin,ever [vardagligt],adverb,Har du nånsin varit i Paris?,Have you ever been to Paris?
879,att,tillåta,"to allow, permit",verb,Föräldrarna tillåter det inte.,The parents don't allow it.
880,ett,universitet,university,noun,Hon studerar vid universitetet.,She studies at the university.
881,en,konsekvens,consequence,noun,Det får allvarliga konsekvenser.,It has serious consequences.
882,ett,ställe,"place, spot",noun,Det är ett fint ställe.,It is a nice place.
883,,hård,"hard, tough",adjective,Stolen är hård.,The chair is hard.
884,en,majoritet,majority,noun,En majoritet röstade ja.,A majority voted yes.
885,en,domstol,court (of law),noun,Fallet avgörs i domstol.,The case is decided in court.
886,en,ordförande,chairperson,noun,Hon är ordförande i föreningen.,She is the chairperson of the association.
887,en,lördag,Saturday,noun,På lördag har vi fest.,On Saturday we have a party.
888,en,låt,"song, tune",noun,Det är min favoritlåt.,It is my favorite song.
889,,herr,"Mr., sir",noun,"God morgon, herr Andersson.","Good morning, Mr. Andersson."
890,en,sekvens,sequence,noun,Det är en lång sekvens.,It is a long sequence.
891,att,förekomma,"to occur, exist",verb,Fel kan förekomma.,Errors may occur.
892,att,stoppa,to stop; to stuff,verb,Polisen stoppade bilen.,The police stopped the car.
893,en,nyhet,(piece of) news; novelty,noun,Det är en glad nyhet.,It is happy news.
894,en,journalist,journalist,noun,Hon är journalist på en tidning.,She is a journalist at a newspaper.
895,en,kris,crisis,noun,Landet är i kris.,The country is in crisis.
896,att,rycka,"to jerk, pull, snatch",verb,Han ryckte i dörren.,He jerked at the door.
897,att,trycka,to press; to print,verb,Tryck på knappen.,Press the button.
898,,betydligt,"considerably, significantly",adverb,Det är betydligt billigare.,It is considerably cheaper.
898s,,betydlit,"considerably, significantly [g silent]",adverb,Det är betydlit billigare.,It is considerably cheaper.
899,att,kosta,to cost,verb,Hur mycket kostar det?,How much does it cost?
900,ett,band,band; tape; ribbon,noun,De spelar i ett band.,They play in a band.
901,,numera,nowadays (also: numer),adverb,Numera bor jag i Stockholm.,Nowadays I live in Stockholm.
902,ett,tillstånd,"permit, permission; condition",noun,Du behöver tillstånd.,You need a permit.
903,,värd,worth,adjective,Det är värt mycket pengar.,It is worth a lot of money.
904,,igen,again,particle,Försök igen.,Try again.
905,,imorgon,tomorrow (also: i morgon),adverb,Vi ses imorgon.,See you tomorrow.
906,en,klass,class,noun,Hon går i femte klass.,She is in fifth grade.
907,att,uttrycka,to express,verb,Hur ska jag uttrycka det?,How should I express it?
908,en,slutsats,conclusion,noun,Vad är din slutsats?,What is your conclusion?
909,,global,global,adjective,Det är ett globalt problem.,It is a global problem.
910,,mitt,in the middle,adverb,Han stod mitt i rummet.,He stood in the middle of the room.
911,en,stol,chair,noun,Sätt dig på stolen.,Sit down on the chair.
912,,ytterligare,"further, additional",adjective,Vi behöver ytterligare hjälp.,We need additional help.
913,,effektiv,"effective, efficient",adjective,Det är en effektiv metod.,It is an effective method.